Chaning the default server 
-- Adding dependency 
<dependency>
  <groupId>org.springframework.boot</groupId>
  <artifactId>spring-boot-starter-undertow</artifactId>
</dependency>

Changing :
<dependency>
  <groupId>org.springframework.boot</groupId>
  <artifactId>spring-boot-starter-web</artifactId>
  <exclusions>
    <exclusion>
      <groupId>org.springframework.boot</groupId>
      <artifactId>spring-boot-starter-tomcat</artifactId>
    </exclusion>
  </exclusions>
</dependency>




Dependency for JSP:
	<dependency>
	<groupId>org.apache.tomcat.embed</groupId>
	<artifactId>tomcat-embed-jasper</artifactId>
	</dependency>
	<dependency>
	<groupId>javax.servlet</groupId>
	<artifactId>jstl</artifactId>
	</dependency>
	Login.jsp
	<HTML>
	<head>
	<link href="webjars/bootstrap/3.3.6/css/bootstrap.min.css"
		rel="stylesheet">
	</head>
	</head>
	<BODY>
			<form action="/loginValidate" method="post">
				<!-- UserName : <input type="text" name="user" /> <BR> Password : <input
				type="password" name="passwd" /><br>  -->
				<!-- <input type="submit"
				value="login" /> -->
				<input type="submit" value="login"/>
			</form>
		</div>
	</BODY>
	</HTML>
	Welcome.jsp :
	<HTML>
	<head>
	</head>
	<BODY>
	You have Logged in as ${name}
			<hr>
			<h2>
				Welcome <b>${name}</b> to the System !!
			</h2>
			<br> <a href="/logout"> Click here to logout!!</a> <br>
		</div>
	</BODY>
	</HTML>
	Login .jsp with BootStarp
	<HTML>
	<head>
	<link href="webjars/bootstrap/3.3.6/css/bootstrap.min.css"
		rel="stylesheet">
	</head>
	</head>
	<BODY>
			${errorMessage}
			<form action="/loginValidate" method="post">
				<div class="form-group">
					<label for="email">User Name :</label> <input type="text"
						class="form-control" id="user" name="user">
				</div>
				<div class="form-group">
					<label for="pwd">Password:</label> <input type="password"
						class="form-control" id="passwd" name="passwd">
				</div>
				<input type="submit" class="btn btn-info" value="Login">
			</form>
	</BODY>
	</HTML>
	Welcome.jsp with Bootstrap:
	<HTML>
	<head>
	<link href="webjars/bootstrap/3.3.6/css/bootstrap.min.css"
		rel="stylesheet">
	</head>
	<BODY>
		<div class="container-fluid bg-1 text-center">
			You have Logged in as ${name}
			<hr>
			<h2>
				Welcome <b>${name}</b> to the System !!
			</h2>
			<br> <a href="/logout"> Click here to logout!!</a> <br>
		</div>
		<script src="webjars/jquery/1.9.1/jquery.min.js"></script>
		<script src="webjars/bootstrap/3.3.6/js/bootstrap.min.js"></script>
	</BODY>
	</HTML>
	
	Logging:
	
logging.level.org.springframework.web=INFO
logging.level.org.hibernate=ERROR
logging.level.com.apress=DEBUG
	
	
	WebJar Dependency :
	
	<dependency>
            <groupId>org.webjars</groupId>
            <artifactId>bootstrap</artifactId>
            <version>3.3.6</version>
        </dependency>
        
        <dependency>
            <groupId>org.webjars</groupId>
            <artifactId>jquery</artifactId>
            <version>1.9.1</version>
  </dependency>
 
         
  
  
  Adding JPA Capability :
 

 
Oracle Configuration   
# Configuration for Oracle!!
spring.datasource.driver-class-name=oracle.jdbc.driver.OracleDriver
spring.datasource.url=jdbc:oracle:thin:@127.0.0.1:1521:XE
spring.datasource.username=learning
spring.datasource.password=learning
spring.jpa.hibernate.ddl-auto=update
spring.jpa.show-sql=true

mvn install:install-file -Dfile=c:\\ta\\ojdbc6.jar -DgroupId=com.oracle -DartifactId=ojdbc6 -Dversion=11.2.0 -Dpackaging=jar

   <groupId>com.oracle</groupId>
            <artifactId>ojdbc6</artifactId>
            <version>11.2.0</version>
       

# H2 Database configuration !!
spring.jpa.hibernate.ddl-auto=create-drop
spring.jpa.show-sql=true
spring.h2.console.enabled=true 
spring.h2.console.path=/h2


server.port=8090


Spring data JPA 
<dependency>
			<groupId>org.springframework.boot</groupId>
			<artifactId>spring-boot-starter-data-jpa</artifactId>
		</dependency>
		
		
		<dependency>
			<groupId>com.h2database</groupId>
			<artifactId>h2</artifactId>

		
	
Adding Actuator for Montiring !

<dependency>
<groupId>org.springframework.boot</groupId>
<artifactId>spring-boot-starter-actuator</artifactId>
</dependency>


We Can monitor application using Jconsole also .
  
  